Freq,S11_m,S21_m,S12_m,S22_m,S11_c,S21_c,S12_c,S22_c
30000000+0i,1+0i,2+0i,3+0i,4+0i,0.284802290530188+0.00953147700922995i,0.44258253157947+0.542490339184135i,1.33393183295529-0.862961009600886i,1.56867496436253-0.51963855379885i
36588628.7625418+0i,1+0i,2+0i,3+0i,4+0i,0.317171387422994+0.0942715084998534i,0.287084584117881+0.662187123866905i,1.33580055361821-1.3155083109367i,1.67185742963957-0.68714977572589i
43177257.5250836+0i,1+0i,2+0i,3+0i,4+0i,0.366113156826351+0.0631537033958718i,0.194215118613441+0.69045448636049i,1.23975070100455-1.99639443710054i,1.66544356476974-1.04627469771042i
49765886.2876254+0i,1+0i,2+0i,3+0i,4+0i,0.36989302155125+0.0918140275104707i,0.0266541628619714+0.721170700113737i,0.445386352084221-2.89795552863457i,1.33401736875179-1.61551592298277i
56354515.0501672+0i,1+0i,2+0i,3+0i,4+0i,0.371138195442044+0.0682083586265156i,-0.121817371435306+0.684924775199383i,-1.34968251752537-2.7790403043508i,0.324542142854812-1.77173735714067i
62943143.812709+0i,1+0i,2+0i,3+0i,4+0i,0.31270486268921+0.0497276400770487i,-0.284419626434532+0.606128775761189i,-1.80251293390548-0.873366625362062i,-0.165407031104692-0.728570767693825i
69531772.5752508+0i,1+0i,2+0i,3+0i,4+0i,0.301003006844613+0.0502110380891714i,-0.414394764627312+0.505408614434455i,-2.01131749366003-0.999356201638755i,-0.50220848045729-0.93721069309645i
76120401.3377926+0i,1+0i,2+0i,3+0i,4+0i,0.27396536885548+0.0736577855753289i,-0.531257598285625+0.392179390002189i,-1.66763338965728-0.407346408839233i,-0.393672023529995-0.513856370551637i
82709030.1003345+0i,1+0i,2+0i,3+0i,4+0i,0.259793080766041+0.099602682806723i,-0.613594443678005+0.265184473262994i,-1.21492542777807-0.134482724160709i,-0.168053222044084-0.211680148373652i
89297658.8628763+0i,1+0i,2+0i,3+0i,4+0i,0.239869721090657+0.136442955373899i,-0.665511246995582-0.0848684542498403i,-0.945934553578805-0.0319818862882459i,-0.022218376869383-0.0599452775138497i
95886287.6254181+0i,1+0i,2+0i,3+0i,4+0i,0.236081347972326+0.141966527187395i,-0.665856810721446-0.0148047359118205i,-0.775047369055301-0.00372211280460052i,0.0708745551978071+0.0422444883615117i
102474916.38796+0i,1+0i,2+0i,3+0i,4+0i,0.229296861674657+0.154728168031909i,-0.654314525707408-0.0782626037486617i,-0.663996031256488+0.00574830371269107i,0.137736795483646+0.122557083861811i
109063545.150502+0i,1+0i,2+0i,3+0i,4+0i,0.224595860032713+0.164441420315033i,-0.610994156000949-0.224196470248248i,-0.589112763761206+0.00613837995466929i,0.182859859018487+0.188309984355696i
115652173.913043+0i,1+0i,2+0i,3+0i,4+0i,0.215832331984042+0.177045564955567i,-0.535428290592477-0.358673287240309i,-0.545278920138123-0.000588351110100977i,0.207752413459538+0.250592859780075i
122240802.675585+0i,1+0i,2+0i,3+0i,4+0i,0.202941139860761+0.202134049243785i,-0.433647261999257-0.475308094979045i,-0.555048860894915+0.0928284305275913i,0.257500517422386+0.487405050272824i
128829431.438127+0i,1+0i,2+0i,3+0i,4+0i,0.194087901180432+0.212347063945187i,-0.303589099857898-0.572450594244483i,-0.506648870429453-0.0199373444582994i,0.216287803374104+0.380718963374364i
135418060.200669+0i,1+0i,2+0i,3+0i,4+0i,0.184219236375125+0.22123960387788i,-0.159330308456631-0.628460527346959i,-0.462462754078565-0.193143471034207i,0.199189751461177+0.401428377114063i
142006688.963211+0i,1+0i,2+0i,3+0i,4+0i,0.180754290120401+0.254896095905338i,0.0111816456987851-0.671262415502257i,-0.502227928015604-0.0984211258487586i,0.177179259609277+0.489237277150301i
148595317.725753+0i,1+0i,2+0i,3+0i,4+0i,0.161272715745494+0.258970094899256i,0.163803915825028-0.639374648524811i,-0.529369793100985-0.0551595394931901i,0.140344247001902+0.573800083617911i
155183946.488294+0i,1+0i,2+0i,3+0i,4+0i,0.149329158339487+0.263820240644152i,0.320294163938114-0.573719660917383i,-0.560371929198426-0.0709839291841106i,0.0741634397395017+0.666652796746626i
161772575.250836+0i,1+0i,2+0i,3+0i,4+0i,0.148996499152885+0.26492838838802i,0.456378058607223-0.486192402142312i,-0.596184752671803-0.117905677329796i,-0.0364829016827501+0.764048973645295i
168361204.013378+0i,1+0i,2+0i,3+0i,4+0i,0.12361292148639+0.296462261424256i,0.589946639933844-0.366213643991483i,-0.637074246907673-0.20151077983703i,-0.210265157023614+0.859353238506879i
174949832.77592+0i,1+0i,2+0i,3+0i,4+0i,0.111232955016593+0.301184637496429i,0.676405214152212-0.222166561708989i,-0.65049521405832-0.364385576219658i,-0.501899996846423+0.895064755243824i
181538461.538462+0i,1+0i,2+0i,3+0i,4+0i,0.0898280247167224+0.30209141400018i,0.716225469328304-0.0571419177067909i,-0.633712263844535-0.568658718383237i,-0.850995366236627+0.809931311806806i
188127090.301003+0i,1+0i,2+0i,3+0i,4+0i,0.0933951114204898+0.329569408821936i,0.744743849107765+0.0641672726101215i,-0.480965602338278-0.764867343674133i,-1.1598295203143+0.482352595610659i
194715719.063545+0i,1+0i,2+0i,3+0i,4+0i,0.054935398474803+0.322943244729304i,0.735750333726975+0.094447494642149i,-0.182300248674579-0.845011364334725i,-1.18305422780393-0.0533851057955548i
201304347.826087+0i,1+0i,2+0i,3+0i,4+0i,0.0359462256830207+0.322390288743663i,0.716445699377261+0.243730509054717i,-0.06727126937351-0.836480642759385i,-1.15716142394291-0.106494771995618i
207892976.588629+0i,1+0i,2+0i,3+0i,4+0i,0.0231824840367691+0.319294565375766i,0.647519094208016+0.397811622894576i,0.156919604160637-0.732880164836152i,-0.931082242775506-0.44697122717785i
214481605.351171+0i,1+0i,2+0i,3+0i,4+0i,0.0156626953477057+0.317324508995072i,0.55931669786659+0.537312118590206i,0.282582397802589-0.586589288305571i,-0.648450563126425-0.585255170119927i
221070234.113712+0i,1+0i,2+0i,3+0i,4+0i,0.00751605690128633+0.317138836502849i,0.443043070474315+0.648902555147516i,0.349589103754789-0.460909074190878i,-0.424398789429148-0.568211847870014i
227658862.876254+0i,1+0i,2+0i,3+0i,4+0i,-0.000745176749007819+0.322659713344326i,0.305134706443654+0.730748993187735i,0.35118809427222-0.362590536501567i,-0.242104822443801-0.538890113658596i
234247491.638796+0i,1+0i,2+0i,3+0i,4+0i,0.00870729483272794+0.319109248976669i,0.14399974323707+0.787685483356099i,0.342073484539794-0.309105191999962i,-0.132456204155525-0.49643775656719i
240836120.401338+0i,1+0i,2+0i,3+0i,4+0i,-0.0201946040958502+0.329380975573151i,-0.0209908147470866+0.797656379481268i,0.34845167061941-0.249780789524002i,-0.0589566281822655-0.389765296352752i
247424749.16388+0i,1+0i,2+0i,3+0i,4+0i,-0.0034717025396942+0.281534447278026i,-0.141150887902817+0.773247579005534i,0.353830749248087-0.209328950362788i,-0.0130150912646541-0.286256368170552i
254013377.926421+0i,1+0i,2+0i,3+0i,4+0i,-0.037092571019315+0.38246526362726i,-0.334556317840696+0.757370885389011i,0.362856241135035-0.185618868038125i,0.0192201120758281-0.191838391237509i
260602006.688963+0i,1+0i,2+0i,3+0i,4+0i,-0.0593709835747415+0.412986813062972i,-0.542416409959146+0.62386923573024i,0.336297221546044-0.246031447046528i,0.0539391973437748+0.0581141220407662i
267190635.451505+0i,1+0i,2+0i,3+0i,4+0i,-0.0255562089232716+0.357629933870439i,-0.63522558192249+0.530202577874025i,0.39544206522436-0.164063773095725i,0.0464687106240746-0.029969291475286i
273779264.214047+0i,1+0i,2+0i,3+0i,4+0i,-0.0716916600520277+0.359086703862675i,-0.740742215240817+0.378352182592287i,0.432387176003551-0.132908179389121i,0.0364504951553035-0.0353484263402625i
280367892.976589+0i,1+0i,2+0i,3+0i,4+0i,-0.101226143073686+0.396261559418002i,-0.827713814587061-0.0991424867842417i,0.476220769191013-0.102442262349727i,0.0140810581291741+0.0349143048499645i
286956521.73913+0i,1+0i,2+0i,3+0i,4+0i,-0.098203392715353+0.36276173504888i,-0.816344501785761+0.0439778366947771i,0.504408058409354-0.180800565957934i,-0.0251200684475922+0.113857423927962i
293545150.501672+0i,1+0i,2+0i,3+0i,4+0i,-0.113855217607076+0.372140873301148i,-0.802218648006218-0.0254556690678025i,0.56994084371312-0.196619541708668i,-0.0926931124250427+0.199098394315241i
300133779.264214+0i,1+0i,2+0i,3+0i,4+0i,-0.125848816469135+0.369868122579866i,-0.773479590138832-0.200772349946595i,0.666308471835149-0.20878807033411i,-0.201882683145809+0.281715625704648i
306722408.026756+0i,1+0i,2+0i,3+0i,4+0i,-0.122117810671906+0.382650557908376i,-0.72078037978579-0.381840092874538i,0.815663453689095-0.21572943510944i,-0.377196707211336+0.381770954864578i
313311036.789298+0i,1+0i,2+0i,3+0i,4+0i,-0.168929574312158+0.371088828845404i,-0.575766019610696-0.532135159526298i,1.07175377088888-0.182306541398458i,-0.690747045719477+0.465864366408939i
319899665.551839+0i,1+0i,2+0i,3+0i,4+0i,-0.236154335018615+0.318263939807769i,-0.397308200311945-0.63297965083175i,1.63735909325429+0.119541773475065i,-1.4998341732848+0.280001167296487i
326488294.314381+0i,1+0i,2+0i,3+0i,4+0i,-0.204690686090017+0.442660339021982i,-0.282752969609018-0.828603573855656i,1.84594709563543-0.0758426709272492i,-1.59475959010235+0.808208204289887i
333076923.076923+0i,1+0i,2+0i,3+0i,4+0i,-0.360304549790621+0.45983534598468i,0.0392526543959306-0.980755280290426i,3.32783119828402+0.882135143226952i,-3.7147818271699+0.419479470103044i
339665551.839465+0i,1+0i,2+0i,3+0i,4+0i,-0.554619363394053+0.0762344943852985i,0.601598689915315-0.616320537949219i,1.20676521411623+5.53061793425926i,-3.33277271059655-5.84415777607107i
346254180.602007+0i,1+0i,2+0i,3+0i,4+0i,-0.14862116773762+0.0215993229485541i,0.312759275896971-0.416381340076579i,-1.83414893375113+2.51909757985962i,1.49615494883067-3.62891590137646i
352842809.364549+0i,1+0i,2+0i,3+0i,4+0i,-0.147990004100553+0.144860415437172i,0.389203535771071-0.419499863398193i,-1.45916795003424+1.29714519109299i,1.60526465096382-2.02049891576159i
359431438.12709+0i,1+0i,2+0i,3+0i,4+0i,-0.156988311272428+0.179839455128875i,0.500424556112064-0.360218629577955i,-1.16698019284435+0.939907136539262i,1.45438664516547-1.39840512426964i
366020066.889632+0i,1+0i,2+0i,3+0i,4+0i,-0.211092725256895+0.183663796113666i,0.622741696851162-0.266204155512232i,-1.00455776870123+0.795069307527297i,1.34534705326367-1.09557164924446i
372608695.652174+0i,1+0i,2+0i,3+0i,4+0i,-0.265258840311926+0.189272095746829i,0.742610660754588-0.120673015816125i,-0.878620595393429+0.719710980769912i,1.26945046847464-0.891254673719356i
379197324.414716+0i,1+0i,2+0i,3+0i,4+0i,-0.247471722408375+0.17252450080033i,0.725554137391592+0.0618328854781987i,-0.801101874766318+0.702775613306518i,1.23056812962312-0.771873886423241i
385785953.177258+0i,1+0i,2+0i,3+0i,4+0i,-0.264991316475507+0.168135689562565i,0.736256119967806+0.0570495545793951i,-0.735785377655975+0.729216375871469i,1.20190360822407-0.712853344344179i
392374581.939799+0i,1+0i,2+0i,3+0i,4+0i,-0.28402261133789+0.188566392931196i,0.729033798086072+0.120922082118979i,-0.143575878653834+0.841522767200705i,0.830229655662269-0.570702097784696i
398963210.702341+0i,1+0i,2+0i,3+0i,4+0i,-0.293244575550882+0.162895412925546i,0.692467194038459+0.300204433483712i,-0.529793210685699+0.880806812345713i,1.07051911542363-0.702902078776242i
405551839.464883+0i,1+0i,2+0i,3+0i,4+0i,-0.303355116550049+0.148687512960782i,0.616564184845405+0.451773747361791i,-0.680672996408365+0.944521836435975i,1.17812990829201-0.777329484883286i
412140468.227425+0i,1+0i,2+0i,3+0i,4+0i,-0.28030058846982+0.169042899685284i,0.478069200478919+0.574571829797188i,-0.559934228370047+1.08681707505582i,1.09414376422166-0.847613287289981i
418729096.989967+0i,1+0i,2+0i,3+0i,4+0i,-0.299347060256358+0.181482595858455i,0.337558029484036+0.63862570023514i,-0.364077500759149+1.21650938645719i,0.950281988396364-0.928711629750775i
425317725.752508+0i,1+0i,2+0i,3+0i,4+0i,-0.310936835117564+0.164759506363135i,0.166438614720627+0.722129974338159i,0.101801488578657+1.27989984255606i,0.742003139707797-0.957569382354899i
431906354.51505+0i,1+0i,2+0i,3+0i,4+0i,-0.314082376876096+0.157421777814897i,-0.0200706192070326+0.746950260690646i,0.292887722110959+1.22133691358087i,0.453956436479989-0.884407173924934i
438494983.277592+0i,1+0i,2+0i,3+0i,4+0i,-0.338600062005587+0.106376383241547i,-0.209266432077697+0.75289953972496i,0.654738321386103+1.01940915286278i,0.273779267761443-0.751775447441983i
445083612.040134+0i,1+0i,2+0i,3+0i,4+0i,-0.317340738807481+0.125577959644955i,-0.403603544474922+0.669856262235518i,0.812702875135576+0.786516941529142i,0.135180303865499-0.550868774425535i
451672240.802676+0i,1+0i,2+0i,3+0i,4+0i,-0.312192436730907+0.118931557500954i,-0.56298933486015+0.577454509866969i,0.830412141982876+0.638362801749796i,0.0642481733624757-0.286804234186815i
458260869.565217+0i,1+0i,2+0i,3+0i,4+0i,-0.317341038799659+0.105755725011789i,-0.712542246873776+0.462553131074896i,0.90325181183025+0.460480666687006i,0.0723895373634139+0.0362163991092661i
464849498.327759+0i,1+0i,2+0i,3+0i,4+0i,-0.339341999492484+0.101557668007112i,-0.815613542642409+0.296125276801802i,0.801992295137368+0.623343299146753i,0.0784227757801092+0.000458238238693254i
471438127.090301+0i,1+0i,2+0i,3+0i,4+0i,-0.342992733667268+0.0505979896019845i,-0.89963624018453+0.118022065451786i,0.836561048147747+0.607228394172545i,0.0759869670826173+0.145811405712537i
478026755.852843+0i,1+0i,2+0i,3+0i,4+0i,-0.349446236747185+0.00973606561909252i,-0.901617384712615-0.12701979851957i,0.940115425577822+0.564686856312803i,0.11402370806304+0.399170551365639i
484615384.615385+0i,1+0i,2+0i,3+0i,4+0i,-0.366502087140781-0.0040785804871947i,-0.913191478558155-0.136655900664537i,1.05118660829255+0.498724480388309i,0.190979407192595+0.639965574188545i
491204013.377926+0i,1+0i,2+0i,3+0i,4+0i,-0.385206036176234+0.0355981859445714i,-0.900253655961742-0.2915153974811i,1.20637502759902+0.329908573319358i,0.319481742205371+0.831469489518445i
497792642.140468+0i,1+0i,2+0i,3+0i,4+0i,-0.403795866768024+0.0217828506571824i,-0.834376387546582-0.502111286284891i,1.32712217369734+0.0766507611521526i,0.515443891509607+0.987646211157447i
504381270.90301+0i,1+0i,2+0i,3+0i,4+0i,-0.410128350498824-0.000249851195554397i,-0.706664521644824-0.614323687307225i,1.35336785087711-0.372026879446243i,0.867965151742453+0.986622682506965i
510969899.665552+0i,1+0i,2+0i,3+0i,4+0i,-0.424239769110039+0.00229743587648261i,-0.561716447072635-0.781196228586458i,1.21848129361815-0.632933255643958i,1.07368673803389+0.939511464983602i
517558528.428094+0i,1+0i,2+0i,3+0i,4+0i,-0.44059710655253+0.0138758633667288i,-0.401573249282736-0.901981406772324i,0.508024957226388-1.46269585731484i,1.7949699170044+0.741325659579461i
524147157.190635+0i,1+0i,2+0i,3+0i,4+0i,-0.443378410397791+0.0118892305852622i,-0.215010786431451-0.963623539008913i,0.83405381607193-0.97115352289166i,1.35961205184329+0.718976535272709i
530735785.953177+0i,1+0i,2+0i,3+0i,4+0i,-0.446132922754804+0.0141848502148539i,-0.0190569837907603-0.977626046539136i,0.778885892752749-0.916798976413011i,1.26052488365258+0.732291228703372i
537324414.715719+0i,1+0i,2+0i,3+0i,4+0i,-0.450903904357984+0.0121360123347523i,0.1913930781143-0.948117304239996i,0.793279357041318-0.863670840813819i,1.24985046377131+0.757470101000989i
543913043.478261+0i,1+0i,2+0i,3+0i,4+0i,-0.452011489756259-0.0285840776294838i,0.413674491119732-0.862633461282767i,0.709973161431134-0.934945843601084i,1.28750741766762+0.813265696711497i
550501672.240803+0i,1+0i,2+0i,3+0i,4+0i,-0.447939412669641-0.0213065004324275i,0.581049771140801-0.75293489695537i,0.685858934871298-1.00013190433801i,1.35857693698997+0.922319591388362i
557090301.003345+0i,1+0i,2+0i,3+0i,4+0i,-0.40832850339267-0.00986942718547487i,0.695435289990056-0.579120821618531i,0.661996917607993-1.0494938871703i,1.45592152238043+1.0378680246364i
563678929.765886+0i,1+0i,2+0i,3+0i,4+0i,-0.46832538964895+0.00924722491714807i,0.68585044759498-0.647111543062669i,0.734261008907483-1.24218102282584i,1.68720371825827+1.26145458062091i
570267558.528428+0i,1+0i,2+0i,3+0i,4+0i,-0.494813999544326-0.0016428498640459i,0.902138235029533-0.153177693599047i,0.994747479142186-1.50033235273089i,1.8959801509298+1.74561939665468i
576856187.29097+0i,1+0i,2+0i,3+0i,4+0i,-0.436253299953065+0.0633003382092192i,0.776131320357417-0.232254573400908i,1.27668255527523-2.24868787131741i,2.40519190426035+2.59811473635893i
583444816.053512+0i,1+0i,2+0i,3+0i,4+0i,-0.293207957492807+0.317996282752341i,0.359525356209129-0.242038262317876i,3.26398048839518-3.82299169906025i,3.0014353137117+5.73840774831632i
590033444.816054+0i,1+0i,2+0i,3+0i,4+0i,-1.28322464399995+0.199250275418497i,1.05208795452715-1.09426535302306i,8.57060530725093+6.14884836689711i,-11.1801026419685+5.98180817131393i
596622073.578595+0i,1+0i,2+0i,3+0i,4+0i,-0.492312040309148-0.246863066292459i,1.01564448692567+0.246275927774151i,-0.241326345072914+1.60570666259291i,-0.754573814408961-1.20946990490903i
603210702.341137+0i,1+0i,2+0i,3+0i,4+0i,-0.500499819162632-0.166698800844574i,0.877891828349006+0.345589691426644i,0.0629179148362651+1.97512839723892i,-1.73007063930563-1.08143498617181i
609799331.103679+0i,1+0i,2+0i,3+0i,4+0i,-0.475318885767359-0.158464929680453i,0.710206164127939+0.494350559888621i,0.0914769710280624+1.55800834433384i,-1.44064584158363-0.718905845654641i
616387959.866221+0i,1+0i,2+0i,3+0i,4+0i,-0.432146977606703-0.121139689878566i,0.497668105828388+0.635806247693186i,-0.0618844912148413+1.0522139965538i,-0.743186441529207-0.612868707453639i
622976588.628762+0i,1+0i,2+0i,3+0i,4+0i,-0.399438456587212-0.180553643199852i,0.325311320075081+0.752014251113152i,-0.0771080323925244+0.756986687504055i,-0.408861509993094-0.454165784001315i
629565217.391304+0i,1+0i,2+0i,3+0i,4+0i,-0.377825428913427-0.197173819071068i,0.117491380350003+0.807236907804334i,-0.0887621594580323+0.637987440580537i,-0.211048743139907-0.341492818400294i
636153846.153846+0i,1+0i,2+0i,3+0i,4+0i,-0.356857982387412-0.206525981944292i,-0.0928444917132403+0.811495365044953i,-0.0978217127979402+0.532426408971052i,-0.0912929718961327-0.223543439887904i
642742474.916388+0i,1+0i,2+0i,3+0i,4+0i,-0.311934221856121-0.242212708943467i,-0.296838510235574+0.778532676485757i,-0.101227108115245+0.46001555930112i,-0.0173721085505013-0.121301232182889i
649331103.67893+0i,1+0i,2+0i,3+0i,4+0i,-0.296597012002381-0.249218455244641i,-0.475323629466341+0.693048016998522i,-0.107820075879146+0.412505127718415i,0.0288186278123298-0.0318845396829397i
655919732.441472+0i,1+0i,2+0i,3+0i,4+0i,-0.27937127392854-0.256900808835815i,-0.632433972313984+0.573580316139587i,-0.077482257958323+0.406041457109543i,0.0564177931714551+0.163772232531425i
662508361.204013+0i,1+0i,2+0i,3+0i,4+0i,-0.288092233451474-0.252578927675611i,-0.729436171189273+0.413732228178394i,-0.142170097671152+0.355046478862916i,0.0655266862839067+0.0983610130228714i
669096989.966555+0i,1+0i,2+0i,3+0i,4+0i,-0.266515943650196-0.256584234169492i,-0.819893101542753-0.111915105858915i,-0.186966148429121+0.31747746817855i,0.0736676673132312+0.141774988449199i
675685618.729097+0i,1+0i,2+0i,3+0i,4+0i,-0.254250575553955-0.274271956537065i,-0.83292851400009+0.00665573329979673i,-0.186115754367508+0.330606968065791i,0.0709763236208363+0.224459525597631i
682274247.491639+0i,1+0i,2+0i,3+0i,4+0i,-0.220163815726107-0.295169424866219i,-0.841328148481149-0.0178207557998577i,-0.216686378523768+0.336736406747005i,0.0554680591023361+0.311073843755203i
688862876.254181+0i,1+0i,2+0i,3+0i,4+0i,-0.20639033630449-0.301029404061217i,-0.816965972107396-0.177133671125708i,-0.243618815125802+0.352643941297602i,0.0196980389110706+0.372675330422562i
695451505.016722+0i,1+0i,2+0i,3+0i,4+0i,-0.212851530755222-0.302110803692471i,-0.741031867805257-0.356909822938129i,-0.302233025064999+0.370971661636465i,-0.0377303009844843+0.492548644402897i
702040133.779264+0i,1+0i,2+0i,3+0i,4+0i,-0.20292720097734-0.309804662306236i,-0.634041809688238-0.506382792860598i,-0.387252309739547+0.393129874011867i,-0.137389569430424+0.621199514855603i
708628762.541806+0i,1+0i,2+0i,3+0i,4+0i,-0.197334300712201-0.317742220390968i,-0.499158657745986-0.630588100466242i,-0.506459529227792+0.412266130275953i,-0.304008190283893+0.740002640825195i
715217391.304348+0i,1+0i,2+0i,3+0i,4+0i,-0.194529251261951-0.337261947805266i,-0.336046889954307-0.717647632299837i,-0.710211664297225+0.325868687302748i,-0.574205927657604+0.824638623152518i
721806020.06689+0i,1+0i,2+0i,3+0i,4+0i,-0.19331530481762-0.348274137943619i,-0.172055697901237-0.792197159355295i,-0.875593269792021+0.350007133851517i,-0.931476807430516+0.746175185048301i
728394648.829431+0i,1+0i,2+0i,3+0i,4+0i,-0.186716604061449-0.341726628040085i,-0.0192156823412182-0.808158679767296i,-1.16090971176124-0.0366850526847425i,-1.5574154911837-0.102696800724128i
734983277.591973+0i,1+0i,2+0i,3+0i,4+0i,-0.211482553057257-0.37753728749973i,0.161775166304785-0.798617929595947i,-1.157977747134-0.0205490416800223i,-1.52402883657027+0.195404885351601i
741571906.354515+0i,1+0i,2+0i,3+0i,4+0i,-0.146152154153429-0.473951054458281i,0.369751353339451-0.841260333708851i,-1.14684782443852-0.390616833889732i,-1.57427758096991-0.354693131161156i
748160535.117057+0i,1+0i,2+0i,3+0i,4+0i,-0.0972754078971881-0.49478057706521i,0.581936791959758-0.749947920726197i,-0.87066758148235-0.701156788769071i,-1.18833922121968-0.924315373795804i
754749163.879599+0i,1+0i,2+0i,3+0i,4+0i,-0.0857825038878674-0.510372881283178i,0.709255534806734-0.590899516328574i,-0.863879531138256-0.918741756103765i,-1.15456220528842-1.07234132710053i
761337792.642141+0i,1+0i,2+0i,3+0i,4+0i,-0.0231566322843429-0.483021754303688i,0.879698232830756-0.369262433928927i,-0.333031296020377-0.791920085187875i,-0.254034181369959-1.0072810767479i
767926421.404682+0i,1+0i,2+0i,3+0i,4+0i,0.006962857192934-0.46955467137769i,0.932376665263331+0.0809908962204613i,-0.208786849292101-0.703047525120789i,-0.0782024737065843-0.862138404261068i
774515050.167224+0i,1+0i,2+0i,3+0i,4+0i,-0.0444580965376151-0.473633062147407i,0.925807112957341-0.0475739325515177i,-0.144995099988944-0.631270827203535i,0.0452038196450632-0.74267310142345i
781103678.929766+0i,1+0i,2+0i,3+0i,4+0i,-0.033739860206732-0.452359662083508i,0.921115452237276-0.0243075148167063i,-0.128598220802364-0.577121930152444i,0.114015959284939-0.649110346814093i
787692307.692308+0i,1+0i,2+0i,3+0i,4+0i,-0.013890887451907-0.413570189847161i,0.883727215803363+0.209026332334021i,-0.104729983668789-0.551807458952969i,0.160212537416058-0.55134660837263i
794280936.454849+0i,1+0i,2+0i,3+0i,4+0i,0.00477916799121621-0.422715916732433i,0.832373671665701+0.417261659726546i,-0.20827143846223-0.473174945003935i,0.145105149746531-0.237240556737703i
800869565.217391+0i,1+0i,2+0i,3+0i,4+0i,0.0226318246094006-0.403025973856904i,0.670641284778046+0.551614686171622i,-0.115052767964465-0.545176985830337i,0.177757236685462-0.387899448041692i
807458193.979933+0i,1+0i,2+0i,3+0i,4+0i,0.0272613902350388-0.393381288616922i,0.530187140672276+0.699271089407571i,-0.0752282249727303-0.573902173822716i,0.20150191728674-0.383281130075813i
814046822.742475+0i,1+0i,2+0i,3+0i,4+0i,0.083428129417887-0.354668360828649i,0.342752586998912+0.756058255534816i,-0.0862334462225187-0.584786209863596i,0.195978833748427-0.290098329221811i
820635451.505017+0i,1+0i,2+0i,3+0i,4+0i,0.0607177289173201-0.35862359824214i,0.166333255171059+0.849172971145097i,-0.109079785952967-0.600601039500786i,0.172734432547322-0.204550929286654i
827224080.267559+0i,1+0i,2+0i,3+0i,4+0i,0.0635900522899292-0.343973154793758i,-0.0263506472846452+0.869462135509175i,-0.14636882793118-0.6337645836389i,0.135119225080131-0.118838828825891i
833812709.0301+0i,1+0i,2+0i,3+0i,4+0i,0.0781621408592067-0.326593585391201i,-0.213020888683195+0.831803827923869i,-0.197258097911966-0.674624933698024i,0.0870042561594933-0.0217426465834139i
840401337.792642+0i,1+0i,2+0i,3+0i,4+0i,0.1069768183023-0.295903082898614i,-0.385483018536514+0.752455326254239i,-0.272437323225887-0.712307165809987i,0.0174840345576326+0.0916305024914664i
846989966.555184+0i,1+0i,2+0i,3+0i,4+0i,0.101743378963936-0.280346432432352i,-0.525757229792374+0.634592725039038i,-0.362955394233468-0.820225173229588i,-0.0665003654131307+0.235071672959401i
853578595.317726+0i,1+0i,2+0i,3+0i,4+0i,0.112162267389632-0.234036392338264i,-0.636113986981885+0.47041116640051i,-0.527357695929354-0.935809707361745i,-0.175639116969656+0.440351051076395i
860167224.080268+0i,1+0i,2+0i,3+0i,4+0i,0.134825011167-0.198236793588609i,-0.665743505353325+0.277812873654296i,-0.961632375046197-1.27706989111187i,-0.411645797960054+1.11236716023384i
866755852.842809+0i,1+0i,2+0i,3+0i,4+0i,0.127196736538888-0.213563668249568i,-0.736800423417838-0.125755641732013i,-0.877718448998098-1.06824401658461i,-0.263340768515582+0.84594792005179i
873344481.605351+0i,1+0i,2+0i,3+0i,4+0i,0.198910312493653-0.17553110058439i,-0.74295867553133-0.0960984175482291i,-1.08078130530344-1.11745273735887i,-0.227888122558775+1.07461512462522i
879933110.367893+0i,1+0i,2+0i,3+0i,4+0i,0.258034566884602-0.166897674491817i,-0.713887600058554-0.214248445139989i,-1.79029809221547-0.92938524408016i,-0.0787970856156033+1.76920712573612i
886521739.130435+0i,1+0i,2+0i,3+0i,4+0i,0.332795061047777-0.173685809041198i,-0.680002644295753-0.454546498610185i,-2.53405340607546-0.185952683355997i,0.690010745846361+2.483092753827i
893110367.892977+0i,1+0i,2+0i,3+0i,4+0i,0.362944659348496-0.236568303372871i,-0.646938846628784-0.63567715346173i,-2.47476449788291+1.09374239999899i,1.97971129640664+2.34907647550171i
899698996.655518+0i,1+0i,2+0i,3+0i,4+0i,0.266193150983573-0.34663429838634i,-0.640318027675263-0.602027384465507i,-1.56526386860168+1.85470824597144i,2.67447412970981+1.37690599400885i
906287625.41806+0i,1+0i,2+0i,3+0i,4+0i,0.281324271729547-0.296414699856076i,-0.439133605741848-0.726609065232019i,-0.787041703251766+1.88934100153662i,2.60605170784579+0.644275764345488i
912876254.180602+0i,1+0i,2+0i,3+0i,4+0i,0.280957822032085-0.265535881856849i,-0.2188664663486-0.808308257601899i,-0.306397899284708+1.71858422717004i,2.367330821015+0.241294373800432i
919464882.943144+0i,1+0i,2+0i,3+0i,4+0i,0.265224306961362-0.246344284208419i,-0.0413992358798064-0.781023597596802i,-0.0119406441201361+1.55730138389672i,2.17411121912598+0.0295672870253102i
926053511.705686+0i,1+0i,2+0i,3+0i,4+0i,0.262357411756119-0.199547174616297i,0.208101854217531-0.764073716217215i,1.0387154281313+0.96549799843513i,1.70483697270121-0.626962018698288i
932642140.468227+0i,1+0i,2+0i,3+0i,4+0i,0.285636823751208-0.125230689067914i,0.461558966276515-0.674888678549969i,0.467161897698486+1.26597506757756i,1.87686760442661-0.237983843503715i
939230769.230769+0i,1+0i,2+0i,3+0i,4+0i,0.26725433987949-0.159530922591851i,0.544923631060485-0.549722688019922i,0.36357606157869+1.16849285934911i,1.85902394318941-0.241029351158096i
945819397.993311+0i,1+0i,2+0i,3+0i,4+0i,0.27069139105461-0.141979513976929i,0.682836543476083-0.41182046864666i,0.499079979279194+1.05956957984682i,1.64665568236988-0.329625452097447i
952408026.755853+0i,1+0i,2+0i,3+0i,4+0i,0.280440565402962-0.113195059171858i,0.799733251036372-0.240793506370218i,0.614894462328176+0.930819206122613i,1.48453671757831-0.420038872579387i
958996655.518395+0i,1+0i,2+0i,3+0i,4+0i,0.279938894555546-0.0855903417466551i,0.894338530483059-0.024234370927607i,0.70301740907456+0.815810394629295i,1.345669979962-0.480690729027353i
965585284.280936+0i,1+0i,2+0i,3+0i,4+0i,0.305830151176907-0.0620403517977446i,0.889202565443011+0.173203734255101i,0.784618129857331+0.736498857623874i,1.23350997983962-0.506328586231647i
972173913.043478+0i,1+0i,2+0i,3+0i,4+0i,0.334585841303896-0.0259751961058333i,0.93493771425647+0.147349405031628i,0.914676039353365+0.702137021140973i,1.21187309741731-0.578366399971421i
978762541.80602+0i,1+0i,2+0i,3+0i,4+0i,0.361249011601065+0.00470717641014634i,0.95767150578325+0.191356735741286i,1.11412943408261+0.781699593981969i,1.12836255301485-0.739531386216441i
985351170.568562+0i,1+0i,2+0i,3+0i,4+0i,0.391820369493983+0.0405833267909616i,0.939100058570326+0.403691670478483i,1.52330854245359+0.498572041583257i,1.15479503359948-0.89930313502833i
991939799.331104+0i,1+0i,2+0i,3+0i,4+0i,0.460590807550788+0.0470707993160951i,0.848639206922332+0.549000106107144i,1.8980554990129-0.115642304369644i,0.840104824912579-1.17147307468862i
998528428.093645+0i,1+0i,2+0i,3+0i,4+0i,0.482874982907901-0.130799981815567i,0.639719955810963+0.637611191637355i,1.0262738938064-1.18597999223275i,0.161984491869133-0.656462435451907i
1005117056.85619+0i,1+0i,2+0i,3+0i,4+0i,0.513214107756555-0.0411828775545569i,0.49123294471995+0.7403807499444i,1.59174190296364-1.11521514667774i,-0.101205890007006-1.0252243872262i
1011705685.61873+0i,1+0i,2+0i,3+0i,4+0i,0.486483193573474-0.0963520713270348i,0.277085128046972+0.826856506869743i,0.780419133028951-1.36262547327983i,-0.200649639622321-0.559890932255519i
1018294314.38127+0i,1+0i,2+0i,3+0i,4+0i,0.443821273817062-0.098541019590517i,0.0773727149747155+0.885729408283153i,0.292991799199836-1.1226755021088i,-0.0337033263341896-0.19929008821691i
1024882943.14381+0i,1+0i,2+0i,3+0i,4+0i,0.427696978010579-0.0275231189294061i,-0.15359973321005+0.895284462716408i,0.137940161137878-0.927474410503535i,0.100246195947466-0.0337433574227429i
1031471571.90635+0i,1+0i,2+0i,3+0i,4+0i,0.403799803031617-0.00722811050991453i,-0.324259857813549+0.839346488255271i,0.0552435109232933-0.825019631610243i,0.186524594806429+0.0656387960027998i
1038060200.6689+0i,1+0i,2+0i,3+0i,4+0i,0.389081810939651-0.00642464581241957i,-0.502652744115546+0.732728445405753i,0.02386519726603-0.698091596539641i,0.245857790845084+0.155558525142275i
1044648829.43144+0i,1+0i,2+0i,3+0i,4+0i,0.367813354494757+0.0237382837125867i,-0.643453473955038+0.58274116271761i,0.000752775790179744-0.636579234059619i,0.27790030155607+0.229079473878934i
1051237458.19398+0i,1+0i,2+0i,3+0i,4+0i,0.374271855964733+0.0195979108064282i,-0.739332830679563+0.427913387030282i,-0.0242788978666911-0.598595061593252i,0.30850917139335+0.299312158648154i
1057826086.95652+0i,1+0i,2+0i,3+0i,4+0i,0.359588502697524+0.0290378528491363i,-0.794339508081254+0.243774161158771i,-0.116092893554129-0.57873734259198i,0.350628698312219+0.484045829275142i
1064414715.71906+0i,1+0i,2+0i,3+0i,4+0i,0.356598929769472+0.0352774480306702i,-0.810656087491876-0.0516507642445839i,-0.0291718877860415-0.555413548939936i,0.31267167681184+0.428781248328838i
1071003344.48161+0i,1+0i,2+0i,3+0i,4+0i,0.34010513148008+0.0504169652200138i,-0.794164007447062-0.0560595792174368i,-0.00136745708978074-0.541570429906521i,0.298163142105063+0.447472778894518i
1077591973.24415+0i,1+0i,2+0i,3+0i,4+0i,0.330462905665789+0.0642955047123789i,-0.756411624744295-0.189212087616978i,0.00716298928877415-0.540917416018277i,0.279299182751266+0.532868569146994i
1084180602.00669+0i,1+0i,2+0i,3+0i,4+0i,0.318058164049291+0.0785771783941362i,-0.674780751182381-0.373395560917567i,-0.00441090094453124-0.549285429474339i,0.249111881515942+0.612981197648313i
1090769230.76923+0i,1+0i,2+0i,3+0i,4+0i,0.306526631144703+0.0877287701048309i,-0.558644881198404-0.530316839265082i,0.055702809935893-0.584766874480163i,0.179906036402107+0.748057186656593i
1097357859.53177+0i,1+0i,2+0i,3+0i,4+0i,0.29134712977802+0.097495702129803i,-0.412116759138774-0.648664483510423i,0.12128873387399-0.62386348760545i,0.0703362957646811+0.880348204225285i
1103946488.29431+0i,1+0i,2+0i,3+0i,4+0i,0.25566374763942+0.126755346073858i,-0.221054973457771-0.725806204059979i,0.21085528267845-0.647963397084154i,-0.105177799777785+0.976919995161703i
1110535117.05686+0i,1+0i,2+0i,3+0i,4+0i,0.25117602794202+0.101177269212999i,-0.0559369411587359-0.733067619174789i,0.37725672643436-0.677496911835643i,-0.391820362072898+1.05282310971843i
1117123745.8194+0i,1+0i,2+0i,3+0i,4+0i,0.242297887161246+0.0996833638095256i,0.120805585395098-0.719661089982365i,0.599791125671335-0.661534232244575i,-0.776940968074374+1.03285881767044i
1123712374.58194+0i,1+0i,2+0i,3+0i,4+0i,0.23160514806997+0.111794071217915i,0.292694015181054-0.653298690390114i,0.847510544376365-0.484591510154293i,-1.18041565663229+0.719041691704558i
1130301003.34448+0i,1+0i,2+0i,3+0i,4+0i,0.248208660891385+0.120822532552029i,0.389617524591131-0.56928362539926i,0.890907966678819+0.0247564294165468i,-1.12231334480037-0.235592089013085i
1136889632.10702+0i,1+0i,2+0i,3+0i,4+0i,0.23312164834902+0.133713956330612i,0.544677675971542-0.455129516362431i,0.934751638199227+0.0377237383628782i,-1.24142796723831-0.0629341373926785i
1143478260.86957+0i,1+0i,2+0i,3+0i,4+0i,0.23200746796326+0.152346319413425i,0.637948250323673-0.323434783497924i,0.814817490466148+0.251181648565792i,-1.0122368261433-0.404183760638346i
1150066889.63211+0i,1+0i,2+0i,3+0i,4+0i,0.200939623319611+0.190639967978216i,0.741897170393337-0.20151713450138i,0.573366544456481+0.452605807990773i,-0.669034272139462-0.555853377068646i
1156655518.39465+0i,1+0i,2+0i,3+0i,4+0i,0.221298388756253+0.1709900311868i,0.750120574840987+0.0839179305319175i,0.496399737102793+0.386042456741827i,-0.402177831474201-0.555313414592159i
1163244147.15719+0i,1+0i,2+0i,3+0i,4+0i,0.207872896994044+0.184900948695071i,0.748972962982464+0.0257671752799217i,0.443957504184412+0.327619923396704i,-0.227462786610987-0.488291344957585i
1169832775.91973+0i,1+0i,2+0i,3+0i,4+0i,0.179953791054105+0.230038942019727i,0.750853808912991+0.0732779740821136i,0.425077160449036+0.230795512090381i,-0.093320815729897-0.398574614020932i
1176421404.68227+0i,1+0i,2+0i,3+0i,4+0i,0.189021640532375+0.214299160175216i,0.727791455990564+0.232011488604348i,0.312693111747675+0.315429877384868i,-0.0316539581419506-0.312270502382688i
1183010033.44482+0i,1+0i,2+0i,3+0i,4+0i,0.158130183276845+0.25847027258402i,0.656760947384155+0.402818013272848i,0.28840238984576+0.302456396879351i,0.0353882881748634-0.290561300968334i
1189598662.20736+0i,1+0i,2+0i,3+0i,4+0i,0.144029867335991+0.274573054669083i,0.546620687158705+0.543046072569763i,0.296433196664403+0.260135942816083i,0.0558121330353036-0.187068220557869i
1196187290.9699+0i,1+0i,2+0i,3+0i,4+0i,0.156368368726564+0.257320994731865i,0.408320221857214+0.632463857809491i,0.310603285442423+0.229104566376186i,0.0546863205174583+0.0495107026147999i
1202775919.73244+0i,1+0i,2+0i,3+0i,4+0i,0.120291024019288+0.301273057800146i,0.248171328049513+0.727686711274286i,0.262275126872624+0.286220784252679i,0.0490507315344284-0.00242486873954809i
1209364548.49498+0i,1+0i,2+0i,3+0i,4+0i,0.101054980665445+0.320136567641128i,0.0651675928979957+0.778406200159764i,0.180184406095254+0.35691097309814i,0.0326732094802585+0.00889527628505962i
1215953177.25752+0i,1+0i,2+0i,3+0i,4+0i,0.0878757672738446+0.319391362215849i,-0.118710400851644+0.756036956133342i,0.16081747229479+0.385488657043697i,0.00107513330821699+0.0703420504503511i
1222541806.02007+0i,1+0i,2+0i,3+0i,4+0i,0.0693797773215405+0.325558535706984i,-0.301364472823776+0.699043100441683i,0.147661362877159+0.418031547070292i,-0.0398182943988292+0.149864127183486i
1229130434.78261+0i,1+0i,2+0i,3+0i,4+0i,0.0470354118267858+0.33124692343206i,-0.474233112803246+0.602642016299027i,0.136781704335959+0.478310831321058i,-0.108709138704259+0.2249798695316i
1235719063.54515+0i,1+0i,2+0i,3+0i,4+0i,0.0254275916804361+0.338694649544889i,-0.630375017434526+0.464095909435367i,0.133681621528531+0.546857494596619i,-0.180506902103443+0.328454285421243i
1242307692.30769+0i,1+0i,2+0i,3+0i,4+0i,0.050601527049697+0.340159731317301i,-0.730162272570743+0.30359872275358i,0.109978391766767+0.705316179508286i,-0.385479536472776+0.38716710335633i
1248896321.07023+0i,1+0i,2+0i,3+0i,4+0i,0.0185099789453243+0.344002722539839i,-0.815539722561258+0.0972638806571338i,0.017696358843512+0.850775255375597i,-0.627218188398905+0.412662330388667i
1255484949.83278+0i,1+0i,2+0i,3+0i,4+0i,-0.00926526450908872+0.281462199217668i,-0.743855253151442-0.261071635404648i,-0.540890342358885+1.12785209350662i,-1.29907006228962-0.342381236867141i
1262073578.59532+0i,1+0i,2+0i,3+0i,4+0i,-0.114406842123591+0.392858699044651i,-0.913633712279755-0.31098931076094i,-0.47585734487493+1.35905720972806i,-1.45968168659953+0.150284532059256i
1268662207.35786+0i,1+0i,2+0i,3+0i,4+0i,-0.171762852539157+0.302669846043849i,-0.856216063153574-0.516343389526675i,-0.849940191262966+1.66196395877396i,-1.9815242646725-0.00908388792270865i
1275250836.1204+0i,1+0i,2+0i,3+0i,4+0i,-0.131706056945557+0.110357492475457i,-0.55176036916776-0.73980297841905i,-2.08114196736226+1.39464159641538i,-2.32145831157256-1.61990970363888i
1281839464.88294+0i,1+0i,2+0i,3+0i,4+0i,0.0509005721682409+0.0925729747066256i,-0.297355685917011-0.68168586466377i,-2.29898872953445-0.0712492234087536i,-0.648550078710611-2.70497776817379i
1288428093.64548+0i,1+0i,2+0i,3+0i,4+0i,0.0870910863542582+0.177340448791794i,-0.205694850123782-0.707691930397644i,-1.65065894554316-0.530436007528038i,0.408258028305728-2.26422638051551i
1295016722.40803+0i,1+0i,2+0i,3+0i,4+0i,0.108248445873534+0.263275959570686i,-0.12327437671241-0.766594642145076i,-1.03056661210599-0.864274018557947i,0.846003858775227-1.56925448254603i
1301605351.17057+0i,1+0i,2+0i,3+0i,4+0i,0.0632394456285779+0.282685650118339i,0.0191725592177661-0.828167580945754i,-0.904323986381492-0.644607448827596i,0.902433381512251-1.19766437979288i
1308193979.93311+0i,1+0i,2+0i,3+0i,4+0i,0.0241244122695979+0.300310852110512i,0.189527198825837-0.859116643639004i,-0.824574661895593-0.514680346483475i,0.919839981913339-0.993815347612691i
1314782608.69565+0i,1+0i,2+0i,3+0i,4+0i,-0.00550136211827485+0.31436872858148i,0.372558465374816-0.849074492989478i,-0.763073974875527-0.46122811618188i,0.91303881568815-0.84434008124714i
1321371237.45819+0i,1+0i,2+0i,3+0i,4+0i,-0.0748512567984298+0.345644783996909i,0.528226551877509-0.883681026064123i,-0.730577188320704-0.445547236171099i,0.913335554930766-0.753909997818323i
1327959866.22074+0i,1+0i,2+0i,3+0i,4+0i,-0.0758676307537429+0.338024694677028i,0.672384865187622-0.724783494258756i,-0.684077597603971-0.108271032073756i,0.64342695169867-0.454901352869949i
1334548494.98328+0i,1+0i,2+0i,3+0i,4+0i,-0.134395093354809+0.315910209429614i,0.851037888750946-0.592688387225826i,-0.772600502147624-0.320716592316553i,0.766975628443835-0.651415839841136i
1341137123.74582+0i,1+0i,2+0i,3+0i,4+0i,-0.10131647923385+0.327334071655722i,0.945787706998614-0.413259642731623i,-0.795344945515314-0.475017224186714i,0.90371345359865-0.639821640474384i
1347725752.50836+0i,1+0i,2+0i,3+0i,4+0i,-0.189253753505247+0.302118847159368i,1.03219527827507-0.249473682050389i,-0.871975491982784-0.477756649170047i,0.894473993276289-0.594791648243518i
1354314381.2709+0i,1+0i,2+0i,3+0i,4+0i,-0.232631995043806+0.30877991506257i,1.04329965571664-0.0970078191180847i,-1.00507603603463-0.409741740048443i,0.833239670075419-0.607363218176319i
1360903010.03344+0i,1+0i,2+0i,3+0i,4+0i,-0.219633800802789+0.397731783741811i,0.978298916346868-0.138045456171762i,-1.16033448410895-0.28313433931827i,0.743690762338954-0.63641301406454i
1367491638.79599+0i,1+0i,2+0i,3+0i,4+0i,-0.301867070773563+0.414770364900644i,0.957251650212546-0.0237455335006286i,-1.31456935453072-0.0719110269278385i,0.609766458692607-0.634064073589887i
1374080267.55853+0i,1+0i,2+0i,3+0i,4+0i,-0.184301143286691+0.528324485733352i,0.847213673962515+0.189471024340014i,-1.4030601329457+0.236899494303331i,0.447876671751161-0.566764970728136i
1380668896.32107+0i,1+0i,2+0i,3+0i,4+0i,-0.215060544374133+0.528893583119545i,0.775052731460453+0.390956284290726i,-1.388376874981+0.627193055521491i,0.278779981539318-0.4355624376607i
1387257525.08361+0i,1+0i,2+0i,3+0i,4+0i,-0.220193935093278+0.523956554287165i,0.650583491204804+0.575742255155077i,-1.19811654471322+1.01082710284675i,0.158486388593254-0.204839592416142i
1393846153.84615+0i,1+0i,2+0i,3+0i,4+0i,-0.109680437875417+0.450947831926489i,0.483857934295755+0.752830597971545i,-0.602232877177353+1.45082907585209i,0.143725789996299+0.149882857524947i
1400434782.6087+0i,1+0i,2+0i,3+0i,4+0i,-0.180646111811888+0.573788140966381i,0.261354442058916+0.804924166167765i,-1.21028242270736+1.67696074082598i,-0.0999712681782892+0.0651059044219578i
1407023411.37124+0i,1+0i,2+0i,3+0i,4+0i,-0.168966623971929+0.497560687629983i,0.0989306558924012+0.836527607324326i,-0.783478039898407+1.4200481756935i,0.152205922303607+0.159768418190257i
1413612040.13378+0i,1+0i,2+0i,3+0i,4+0i,-0.164796827215219+0.455481294588549i,-0.0829788386832715+0.851595499576842i,-0.508254857002656+1.50265234847492i,0.220411097470304+0.444071747025916i
1420200668.89632+0i,1+0i,2+0i,3+0i,4+0i,-0.154646153955915+0.405829807258716i,-0.252472218991833+0.807659497988691i,-0.189637625096205+1.5230586558704i,0.383201096167845+0.696422420474049i
1426789297.65886+0i,1+0i,2+0i,3+0i,4+0i,-0.158678532449226+0.366617343185526i,-0.411553986056858+0.712336482738564i,0.0914733297234286+1.47825801677218i,0.600356262672562+0.872825718428524i
1433377926.4214+0i,1+0i,2+0i,3+0i,4+0i,-0.177400377244867+0.168111782787333i,-0.618213368534402+0.444035080736577i,0.355235512742555+1.39782562700945i,0.841817891948391+0.968768432361483i
1439966555.18395+0i,1+0i,2+0i,3+0i,4+0i,-0.183303851072427+0.154665347276427i,-0.700261309854101+0.258867259624013i,0.182912633166124+1.36295916237331i,1.05383761948561+1.00467898265354i
1446555183.94649+0i,1+0i,2+0i,3+0i,4+0i,-0.21817707206699+0.234207773952296i,-0.760475990317951-0.157862337045106i,0.573029483967124+1.13986591899109i,1.27929534736343+0.943600343469328i
1453143812.70903+0i,1+0i,2+0i,3+0i,4+0i,-0.234733489470417+0.207437671154736i,-0.799926852960801-0.0862501609107859i,0.870735855488304+0.93146162626201i,1.42381173682186+0.851283066511543i
1459732441.47157+0i,1+0i,2+0i,3+0i,4+0i,-0.257277002454655+0.179697809905527i,-0.824905048498905-0.127400048026336i,1.42849582567069+0.229853593823737i,1.95672011515057+0.499852847078693i
1466321070.23411+0i,1+0i,2+0i,3+0i,4+0i,-0.295023958257094+0.184551442493961i,-0.840818840332691-0.232260285555452i,0.969567868203177+0.469311073315748i,1.65730113602061+0.692698845191616i
1472909698.99666+0i,1+0i,2+0i,3+0i,4+0i,-0.32834595487225+0.154320034138716i,-0.798236582579219-0.443750984849284i,1.04710156679936+0.573983072971955i,1.61493430721766+0.718637716581397i
1479498327.7592+0i,1+0i,2+0i,3+0i,4+0i,-0.349856036990392+0.123794111922345i,-0.70189382266771-0.647653497753828i,1.13533959107404+0.501127581592487i,1.73068074161839+0.717459938289225i
1486086956.52174+0i,1+0i,2+0i,3+0i,4+0i,-0.373046961481306+0.0987643270769691i,-0.568946990817783-0.798911611549607i,1.23813219303212+0.423645505340384i,1.82576468980247+0.680885021860484i
1492675585.28428+0i,1+0i,2+0i,3+0i,4+0i,-0.390103181742193+0.0776786704681889i,-0.433844257573512-0.926524484281647i,1.43248480894302+0.324121031329894i,2.12261004318315+0.735136593344251i
1499264214.04682+0i,1+0i,2+0i,3+0i,4+0i,-0.454536731980065+0.0702847752737947i,-0.300236960856265-0.986491557534496i,1.80142120074719+0.20234428469796i,2.59057708916977+0.792773150833447i
1505852842.80936+0i,1+0i,2+0i,3+0i,4+0i,-0.527004100060639+0.0777529211839151i,-0.195347623284028-1.00358314199652i,2.40432745678392-0.140072635312909i,3.42073444820102+0.689917942722872i
1512441471.57191+0i,1+0i,2+0i,3+0i,4+0i,-0.545692755937178+0.111496049078685i,-0.0400626026112927-0.890358528047447i,3.40932292309598-1.49895951933406i,5.10829239319266-0.434986210373823i
1519030100.33445+0i,1+0i,2+0i,3+0i,4+0i,-0.0528309832331774-0.334938269694918i,0.956905876591929-1.13795891255445i,0.794636197771248-5.10530360252344i,3.53286856361455-5.65414936210881i
1525618729.09699+0i,1+0i,2+0i,3+0i,4+0i,-0.237009284856694-0.176938022518164i,0.797168989206657-0.853166800100133i,-1.45652293514472-2.4125535652861i,-0.342270039654765-3.08489154229882i
1532207357.85953+0i,1+0i,2+0i,3+0i,4+0i,-0.264323225034618-0.0845270269122705i,0.845024734113774-0.498210041599832i,-0.939427606148351-0.611547548679445i,-0.274620003423968-0.893403452248454i
1538795986.62207+0i,1+0i,2+0i,3+0i,4+0i,-0.234795228438973-0.0619486447247959i,0.932089140628843-0.294940412828589i,-1.02001925639477-0.830613388386375i,-0.540654804636547-1.14360626621101i
1545384615.38462+0i,1+0i,2+0i,3+0i,4+0i,-0.247779845365843-0.0439357926046655i,0.938802326591566-0.104459540186929i,-0.976683314998681-0.714669739598447i,-0.533021304997498-1.02707947070924i
1551973244.14716+0i,1+0i,2+0i,3+0i,4+0i,-0.263442481081531-0.0450913808291239i,0.911282411614781+0.0759236305584138i,-0.764684302059177-0.527091939152739i,-0.309141411874612-0.659454851945906i
1558561872.9097+0i,1+0i,2+0i,3+0i,4+0i,-0.285630751679181-0.0428408267115957i,0.881234831496335+0.0583118146444795i,-0.61891077963269-0.4124417349376i,-0.145272128307233-0.413620611735166i
1565150501.67224+0i,1+0i,2+0i,3+0i,4+0i,-0.288112219521893-0.054289747049573i,0.853280978653449+0.15058046952798i,-0.532848424075483-0.351714334987224i,-0.0434509486203369-0.253028304834273i
1571739130.43478+0i,1+0i,2+0i,3+0i,4+0i,-0.288029962726305-0.0649157200780701i,0.804769357321872+0.318116220149104i,-0.479483262091345-0.310240411422465i,0.0149394568132116-0.129364560558551i
1578327759.19732+0i,1+0i,2+0i,3+0i,4+0i,-0.280033835254855-0.101722925197061i,0.717229836128422+0.48286225049688i,-0.453953977623236-0.271669206196144i,0.0557921532965154-0.027807875553301i
1584916387.95987+0i,1+0i,2+0i,3+0i,4+0i,-0.268316468455236-0.114212873865303i,0.576345305479917+0.639670437191113i,-0.349315552025908-0.361675198869643i,0.0793409661650072+0.0613155304735582i
1591505016.72241+0i,1+0i,2+0i,3+0i,4+0i,-0.280557146569152-0.109304168777998i,0.407494862781532+0.78590440077856i,-0.448045583024863-0.184710580863076i,0.119265965341927+0.390173425470431i
1598093645.48495+0i,1+0i,2+0i,3+0i,4+0i,-0.280317847949781-0.119059276119842i,0.224635238289269+0.844089016264026i,-0.448334757195467-0.187172647698505i,0.089843373309766+0.284342723288964i
1604682274.24749+0i,1+0i,2+0i,3+0i,4+0i,-0.278325226563549-0.127426011188094i,0.0327018518348214+0.87134565916217i,-0.459247314165242-0.172832128523155i,0.0724057988705835+0.269196715263235i
1611270903.01003+0i,1+0i,2+0i,3+0i,4+0i,-0.278560946977727-0.134945011014382i,-0.162672517397021+0.863935739991171i,-0.480838727090518-0.150323739819801i,0.0440604174623862+0.340461905433483i
1617859531.77258+0i,1+0i,2+0i,3+0i,4+0i,-0.274849075169203-0.148665167891497i,-0.349920554433685+0.812018400890644i,-0.495518927082501-0.173653980488999i,0.0121512481298363+0.420731612438122i
1624448160.53512+0i,1+0i,2+0i,3+0i,4+0i,-0.273420508755555-0.165483913490691i,-0.527115342944832+0.717596234818572i,-0.527531539814378-0.205779515238534i,-0.0439454725499223+0.516295961792492i
1631036789.29766+0i,1+0i,2+0i,3+0i,4+0i,-0.269680921254019-0.181963156417295i,-0.685098417983338+0.592410115888761i,-0.564738563205444-0.24285508004913i,-0.132787504853125+0.636559037301589i
1637625418.0602+0i,1+0i,2+0i,3+0i,4+0i,-0.305567637631671-0.154788845498787i,-0.737518822020299+0.470868157765562i,-0.581563030333701-0.40781230754666i,-0.278323854465064+0.774491027849495i
1644214046.82274+0i,1+0i,2+0i,3+0i,4+0i,-0.23755007070225-0.268926682524309i,-0.910632727405047-0.128358329168225i,-0.631765145105161-0.552361189410155i,-0.498558908426469+0.896730233004184i
1650802675.58528+0i,1+0i,2+0i,3+0i,4+0i,-0.255386218034861-0.283515564937973i,-0.970780242955971-0.0312084909520522i,-0.788393465884606-0.743296094075576i,-1.02842301596447+1.03874540496377i
1657391304.34783+0i,1+0i,2+0i,3+0i,4+0i,-0.270372903425998-0.322793831987248i,-1.03688080433193-0.0150423876008077i,-0.720650531761444-1.21584920965144i,-1.89945843997318+0.856280626668113i
1663979933.11037+0i,1+0i,2+0i,3+0i,4+0i,-0.199020736793857-0.391940010337782i,-1.09205820450432-0.237514426915717i,0.133025671329626-1.6562423402487i,-2.35098712543819-0.630100018580008i
1670568561.87291+0i,1+0i,2+0i,3+0i,4+0i,-0.208701636473997-0.407208913916784i,-1.02916277821315-0.324402150946059i,0.243264883600104-1.78907429045987i,-2.64391705942631-0.402664929837546i
1677157190.63545+0i,1+0i,2+0i,3+0i,4+0i,-0.210311828779104-0.302064835755272i,-0.728024799808902-0.441062915795357i,0.840639166650027-1.64206589575851i,-2.533740756988-1.14854765480625i
1683745819.39799+0i,1+0i,2+0i,3+0i,4+0i,-0.099841879134555-0.393343979458359i,-0.70521988077907-0.73168544491793i,1.26348003983393-0.875211506634249i,-1.36369807179179-1.85183890771981i
1690334448.16054+0i,1+0i,2+0i,3+0i,4+0i,-0.0482244981490308-0.383529873481358i,-0.475028857755243-0.93289095971163i,1.02246709417404-0.542946942401155i,-0.493921993536653-1.62678079058625i
1696923076.92308+0i,1+0i,2+0i,3+0i,4+0i,-0.00825846334361692-0.355686036493125i,-0.230175684649117-0.992916978583516i,0.90756836035838-0.16299588677256i,-0.0965706680930725-1.26150266829052i
1703511705.68562+0i,1+0i,2+0i,3+0i,4+0i,-0.0168714153062949-0.350250402618006i,-0.017634273007128-0.974138333217014i,0.743911125188556-0.119116741181307i,0.0303760863227151-1.03634072552929i
1710100334.44816+0i,1+0i,2+0i,3+0i,4+0i,-0.0116042980306203-0.360162171642353i,0.196539410793543-0.917291574296742i,0.723780283383996-0.0681050852900326i,0.147645427839011-0.789586778976426i
1716688963.2107+0i,1+0i,2+0i,3+0i,4+0i,-0.0168443680679947-0.367888946029691i,0.378803554775792-0.81080331545715i,0.696146287993384-0.0622776881016997i,0.179855013261914-0.623771897170401i
1723277591.97324+0i,1+0i,2+0i,3+0i,4+0i,-0.0226683421796563-0.374017019849784i,0.53977382247866-0.676476311588131i,0.663273366283792-0.102963442011714i,0.192131179182557-0.504697977247203i
1729866220.73579+0i,1+0i,2+0i,3+0i,4+0i,0.00331168070298865-0.373406515766529i,0.673686388113588-0.516163978006441i,0.639349734792083+0.0230936940784188i,0.186491271645274-0.38733468405973i
1736454849.49833+0i,1+0i,2+0i,3+0i,4+0i,-0.0169418069359068-0.378857951481332i,0.795169567549837-0.324002789217934i,0.597361242428632-0.169699942682445i,0.140765454005327-0.166570002090942i
1743043478.26087+0i,1+0i,2+0i,3+0i,4+0i,-0.0126196326999191-0.373257195158826i,0.817970851547318-0.15256255422405i,0.580155146344636-0.176482203687317i,0.169427050126897-0.241255697316764i
1749632107.02341+0i,1+0i,2+0i,3+0i,4+0i,0.0062009078582334-0.372110738054743i,0.799919555673587+0.191727425109709i,0.549825756309359-0.218663024023912i,0.157545271848685-0.184349967497502i
1756220735.78595+0i,1+0i,2+0i,3+0i,4+0i,-0.0996001937449191-0.280594192334121i,0.834840038429062+0.13676050338146i,0.524838930224849-0.26448744036951i,0.127765077139138-0.0913208231036786i
1762809364.5485+0i,1+0i,2+0i,3+0i,4+0i,-0.0257897171448003-0.277659614527239i,0.799080999155418+0.148209919555254i,0.356575555044017-0.225370844415943i,0.0965787168639899+0.000907615040576698i
1769397993.31104+0i,1+0i,2+0i,3+0i,4+0i,-0.00919880378537198-0.281163684803968i,0.763361175611283+0.249322828166742i,0.417934354738389-0.310455106024167i,0.0495627942014063+0.14295997868676i
1775986622.07358+0i,1+0i,2+0i,3+0i,4+0i,-0.00651039903393098-0.278978868359374i,0.699305367536248+0.388459181906081i,0.516718161773629-0.379557782219599i,-0.0213768703637271+0.304236363041767i
1782575250.83612+0i,1+0i,2+0i,3+0i,4+0i,0.0104346409594664-0.27299328869197i,0.60255272362035+0.523944562471513i,0.602432014950823-0.459232510716953i,-0.0913121237310949+0.510751313746845i
1789163879.59866+0i,1+0i,2+0i,3+0i,4+0i,0.0200647986980911-0.263506698602228i,0.46256385091255+0.616084187638336i,0.680708739330757-0.55293529921319i,-0.146455567431684+0.740626030541318i
1795752508.3612+0i,1+0i,2+0i,3+0i,4+0i,0.036675235942224-0.242483662691019i,0.300220589874241+0.649067730258709i,0.750816987198205-0.75962719894839i,-0.162678285599382+1.12114745397828i
1802341137.12375+0i,1+0i,2+0i,3+0i,4+0i,0.0452311179355374-0.263426262134787i,0.136879710891803+0.680138526172775i,0.865508841237206-0.619550578110631i,-0.209306097805901+1.01884769774719i
1808929765.88629+0i,1+0i,2+0i,3+0i,4+0i,0.0457636642007598-0.260846171345783i,-0.017086485473115+0.652780366105566i,1.02730913287914-0.673809832837475i,-0.279834235745885+1.19373522240281i
1815518394.64883+0i,1+0i,2+0i,3+0i,4+0i,0.0331736934092244-0.234169864491898i,-0.161406843978117+0.553007868688983i,1.228154405871-0.969375542826778i,-0.299063490974136+1.65960622555994i
1822107023.41137+0i,1+0i,2+0i,3+0i,4+0i,-0.00371292382083539-0.166337899512622i,-0.306170809164224+0.341880657671659i,1.36010675414675-1.77409478630207i,0.0136966895639963+2.6049012856188i
1828695652.17391+0i,1+0i,2+0i,3+0i,4+0i,0.0319749353644247+0.0107082470398065i,-0.531369579992105+0.0536700839465274i,0.55148768507953-3.20550547921189i,1.67557639752695+3.70871471952483i
1835284280.93645+0i,1+0i,2+0i,3+0i,4+0i,0.294851441045368+0.0972991383384244i,-0.922524355223194-0.0344509804283572i,-1.85007579595232-2.99899478165989i,4.07761699487933+2.21787127305616i
1841872909.699+0i,1+0i,2+0i,3+0i,4+0i,0.341932076522438+0.00970577004852489i,-0.920585727402504-0.422088697627995i,-2.40101503089769-1.28856394037908i,3.65259837767611+0.192884534101917i
1848461538.46154+0i,1+0i,2+0i,3+0i,4+0i,0.436326056425502-0.123605599319268i,-0.965420410191999-0.143447002375551i,-2.02165755813121-0.365580816292938i,2.84192260920955-0.545466858057572i
1855050167.22408+0i,1+0i,2+0i,3+0i,4+0i,0.427233578821481-0.221533501445692i,-0.911946192295273-0.0788129285066874i,-1.62051485604701+0.0837939875761024i,2.23038688169129-0.741933199984498i
1861638795.98662+0i,1+0i,2+0i,3+0i,4+0i,0.423294334823298-0.198164224175259i,-0.833023211729124-0.147014993423141i,-1.3294000299657-0.167736474794468i,1.80894821141513-0.751387103663345i
1868227424.74916+0i,1+0i,2+0i,3+0i,4+0i,0.392127449031488-0.246567251238043i,-0.71716372959908-0.278836570820008i,-1.01842795494177+0.587813103084558i,1.27053723922709-0.86118013777408i
1874816053.51171+0i,1+0i,2+0i,3+0i,4+0i,0.275452874083127-0.363813738586087i,-0.374826775134587-0.119526666725543i,-0.714501325480417+0.426489177535744i,1.33936214107427-0.825352538226506i
1881404682.27425+0i,1+0i,2+0i,3+0i,4+0i,0.365917903952149-0.393470102207271i,-0.382075440280005-0.268642874595956i,-0.918094444371905+0.404226706217443i,1.2879518510222-0.610481770790951i
1887993311.03679+0i,1+0i,2+0i,3+0i,4+0i,0.399352146074453-0.363156325858667i,-0.284777233757101-0.389559148494952i,-0.842389363394571+0.478481438454617i,1.15599128704588-0.564954377353371i
1894581939.79933+0i,1+0i,2+0i,3+0i,4+0i,0.424032161420382-0.349171530371523i,-0.157436544558914-0.462264765482131i,-0.803056342517941+0.570459365285929i,1.02869069756539-0.534964395945963i
1901170568.56187+0i,1+0i,2+0i,3+0i,4+0i,0.463520952310118-0.368593926491725i,-0.0500127806911175-0.458112844256822i,-0.861962305452682+0.727785960012961i,1.08078552279459-0.543637294459997i
1907759197.32441+0i,1+0i,2+0i,3+0i,4+0i,0.51078505692199-0.373557926088017i,0.0754470190370829-0.453796445283618i,-0.847154021384798+0.876501552923721i,0.944144019009429-0.516695065725658i
1914347826.08696+0i,1+0i,2+0i,3+0i,4+0i,0.414561366965529-0.152700735095444i,0.344084537825608-0.57739385330052i,-0.82826734022525+1.10327682622821i,0.827871240675161-0.470962658774294i
1920936454.8495+0i,1+0i,2+0i,3+0i,4+0i,0.417671860976154-0.130604688149757i,0.464107518059529-0.477574984996143i,-0.747204374230939+1.46063978117235i,0.732180866012322-0.431258706113632i
1927525083.61204+0i,1+0i,2+0i,3+0i,4+0i,0.421068889548511-0.111565978089253i,0.551413664778652-0.351147326017938i,-0.460204401509209+1.97183494933136i,0.628277733085678-0.389275504003193i
1934113712.37458+0i,1+0i,2+0i,3+0i,4+0i,0.413139908873548-0.0714059844642998i,0.598036950321744-0.229742927931292i,1.25804539902619+1.31177700143914i,0.548998167593733-0.0221142451938395i
1940702341.13712+0i,1+0i,2+0i,3+0i,4+0i,0.427204567719993-0.0666121368244597i,0.615753157603068+0.0362184250878805i,1.42925350375016+2.27912767216935i,0.45037137685881-0.354452411863298i
1947290969.89967+0i,1+0i,2+0i,3+0i,4+0i,0.445581771872572-0.0718786870485922i,0.605985834279546+0.000393590204649586i,2.64917574809667+1.79281678130082i,0.246383563045866-0.300231487597759i
1953879598.66221+0i,1+0i,2+0i,3+0i,4+0i,0.40207354279917-0.370570972671778i,0.722036183137788+0.156751173284723i,2.1550812221945+0.459968590011588i,0.293170145426275-0.0420272221667494i
1960468227.42475+0i,1+0i,2+0i,3+0i,4+0i,0.365792644020334-0.306284537967428i,0.540873432010918+0.096965686717802i,1.50395945777465-0.110328846444423i,0.37505577798556+0.0792752941056946i
1967056856.18729+0i,1+0i,2+0i,3+0i,4+0i,0.402589110362536-0.222124565811796i,0.502482567442833+0.196650267032057i,1.16797453783087-0.277928268582193i,0.399192926197158+0.129210224238242i
1973645484.94983+0i,1+0i,2+0i,3+0i,4+0i,0.443288281883978-0.159370492015635i,0.428201580566517+0.305528428262745i,0.915845781330602-0.291634389170219i,0.423761216524891+0.169291067883578i
1980234113.71237+0i,1+0i,2+0i,3+0i,4+0i,0.463564573370053+0.103932313219644i,0.278337660604898+0.394644308114915i,0.194455393355959+0.775009180706204i,0.521896484051679+0.240717625819197i
1986822742.47492+0i,1+0i,2+0i,3+0i,4+0i,0.464124473375475+0.0891187208117254i,0.160605276306373+0.435026615084622i,0.308345438860748+0.605685777554364i,0.481227299113256+0.323659507883576i
1993411371.23746+0i,1+0i,2+0i,3+0i,4+0i,0.497598998852354+0.0897903456206659i,0.0327357546545574+0.452414215250309i,0.44686730912039+0.471831792734354i,0.474955461575005+0.342467562561455i
2000000000+0i,1+0i,2+0i,3+0i,4+0i,0.466587390746061+0.0805779040201659i,-0.0936020807040534+0.429058188800982i,0.438623416182211+0.391103388262065i,0.411669001909116+0.310722874205533i
